GAME,DAY,DATE,TEAM 1,,TEAM 2
61,Tue.,10/22/2024,NYK,at,BOS
62,Tue.,10/22/2024,MIN,at,LAL
63,Wed.,10/23/2024,IND,at,DET
64,Wed.,10/23/2024,BKN,at,ATL
65,Wed.,10/23/2024,ORL,at,MIA
66,Wed.,10/23/2024,MIL,at,PHI
67,Wed.,10/23/2024,CLE,at,TOR
68,Wed.,10/23/2024,CHH,at,HOU
69,Wed.,10/23/2024,CHI,at,NOP
70,Wed.,10/23/2024,MEM,at,UTH
71,Wed.,10/23/2024,PHX,at,LAC
72,Wed.,10/23/2024,GSW,at,POR
73,Thu.,10/24/2024,BOS,at,WAS
74,Thu.,10/24/2024,SAN,at,DAL
75,Thu.,10/24/2024,OKC,at,DEN
76,Thu.,10/24/2024,MIN,at,SAC
77,Fri.,10/25/2024,BKN,at,ORL
78,Fri.,10/25/2024,PHI,at,TOR
79,Fri.,10/25/2024,CHH,at,ATL
80,Fri.,10/25/2024,DET,at,CLE
81,Fri.,10/25/2024,IND,at,NYK
82,Fri.,10/25/2024,MEM,at,HOU
83,Fri.,10/25/2024,CHI,at,MIL
84,Fri.,10/25/2024,GSW,at,UTH
85,Fri.,10/25/2024,PHX,at,LAL
86,Fri.,10/25/2024,NOP,at,POR
87,Sat.,10/26/2024,LAC,at,DEN
88,Sat.,10/26/2024,MIA,at,CHH
89,Sat.,10/26/2024,BOS,at,DET
90,Sat.,10/26/2024,CLE,at,WAS
91,Sat.,10/26/2024,OKC,at,CHI
92,Sat.,10/26/2024,ORL,at,MEM
93,Sat.,10/26/2024,TOR,at,MIN
94,Sat.,10/26/2024,HOU,at,SAN
95,Sat.,10/26/2024,DAL,at,PHX
96,Sat.,10/26/2024,SAC,at,LAL
97,Sun.,10/27/2024,PHI,at,IND
98,Sun.,10/27/2024,MIL,at,BKN
99,Sun.,10/27/2024,NOP,at,POR
100,Sun.,10/27/2024,ATL,at,OKC
101,Sun.,10/27/2024,LAC,at,GSW
102,Mon.,10/28/2024,IND,at,ORL
103,Mon.,10/28/2024,WAS,at,ATL
104,Mon.,10/28/2024,MIL,at,BOS
105,Mon.,10/28/2024,DET,at,MIA
106,Mon.,10/28/2024,CLE,at,NYK
107,Mon.,10/28/2024,DEN,at,TOR
108,Mon.,10/28/2024,CHI,at,MEM
109,Mon.,10/28/2024,HOU,at,SAN
110,Mon.,10/28/2024,UTH,at,DAL
111,Mon.,10/28/2024,LAL,at,PHX
112,Mon.,10/28/2024,POR,at,SAC
113,Tue.,10/29/2024,DEN,at,BKN
114,Tue.,10/29/2024,DAL,at,MIN
115,Tue.,10/29/2024,SAC,at,UTH
116,Tue.,10/29/2024,NOP,at,GSW
117,Wed.,10/30/2024,TOR,at,CHH
118,Wed.,10/30/2024,LAL,at,CLE
119,Wed.,10/30/2024,BOS,at,IND
120,Wed.,10/30/2024,DET,at,PHI
121,Wed.,10/30/2024,ATL,at,WAS
122,Wed.,10/30/2024,NYK,at,MIA
123,Wed.,10/30/2024,ORL,at,CHI
124,Wed.,10/30/2024,BKN,at,MEM
125,Wed.,10/30/2024,SAN,at,OKC
126,Wed.,10/30/2024,NOP,at,GSW
127,Wed.,10/30/2024,POR,at,LAC
128,Thu.,10/31/2024,MIL,at,MEM
129,Thu.,10/31/2024,HOU,at,DAL
130,Thu.,10/31/2024,SAN,at,UTH
131,Thu.,10/31/2024,PHX,at,LAC
132,Fri.,11/1/2024,BOS,at,CHH
133,Fri.,11/1/2024,ORL,at,CLE
134,Fri.,11/1/2024,NYK,at,DET
135,Fri.,11/1/2024,SAC,at,ATL
136,Fri.,11/1/2024,CHI,at,BKN
137,Fri.,11/1/2024,LAL,at,TOR
138,Fri.,11/1/2024,IND,at,NOP
139,Fri.,11/1/2024,DEN,at,MIN
140,Fri.,11/1/2024,OKC,at,POR
141,Sat.,11/2/2024,BOS,at,CHH
142,Sat.,11/2/2024,MEM,at,PHI
143,Sat.,11/2/2024,SAC,at,TOR
144,Sat.,11/2/2024,GSW,at,HOU
145,Sat.,11/2/2024,CLE,at,MIL
146,Sat.,11/2/2024,MIN,at,SAN
147,Sat.,11/2/2024,MIA,at,WAS
148,Sat.,11/2/2024,UTH,at,DEN
149,Sat.,11/2/2024,POR,at,PHX
150,Sat.,11/2/2024,OKC,at,LAC
151,Sun.,11/3/2024,DET,at,BKN
152,Sun.,11/3/2024,ATL,at,NOP
153,Sun.,11/3/2024,ORL,at,DAL
154,Mon.,11/4/2024,MIL,at,CLE
155,Mon.,11/4/2024,GSW,at,WAS
156,Mon.,11/4/2024,LAL,at,DET
157,Mon.,11/4/2024,BOS,at,ATL
158,Mon.,11/4/2024,MEM,at,BKN
159,Mon.,11/4/2024,SAC,at,MIA
160,Mon.,11/4/2024,UTH,at,CHI
161,Mon.,11/4/2024,NYK,at,HOU
162,Mon.,11/4/2024,CHH,at,MIN
163,Mon.,11/4/2024,ORL,at,OKC
164,Mon.,11/4/2024,POR,at,NOP
165,Mon.,11/4/2024,IND,at,DAL
166,Mon.,11/4/2024,TOR,at,DEN
167,Mon.,11/4/2024,PHI,at,PHX
168,Mon.,11/4/2024,SAN,at,LAC
169,Wed.,11/6/2024,DET,at,CHH
170,Wed.,11/6/2024,ORL,at,IND
171,Wed.,11/6/2024,NYK,at,ATL
172,Wed.,11/6/2024,GSW,at,BOS
173,Wed.,11/6/2024,SAN,at,HOU
174,Wed.,11/6/2024,LAL,at,MEM
175,Wed.,11/6/2024,CLE,at,NOP
176,Wed.,11/6/2024,CHI,at,DAL
177,Wed.,11/6/2024,OKC,at,DEN
178,Wed.,11/6/2024,MIA,at,PHX
179,Wed.,11/6/2024,PHI,at,LAC
180,Wed.,11/6/2024,TOR,at,SAC
181,Thu.,11/7/2024,MIN,at,CHI
182,Thu.,11/7/2024,UTH,at,MIL
183,Thu.,11/7/2024,POR,at,SAN
184,Fri.,11/8/2024,IND,at,CHH
185,Fri.,11/8/2024,ATL,at,DET
186,Fri.,11/8/2024,NOP,at,ORL
187,Fri.,11/8/2024,BKN,at,BOS
188,Fri.,11/8/2024,GSW,at,CLE
189,Fri.,11/8/2024,MIL,at,NYK
190,Fri.,11/8/2024,PHX,at,DAL
191,Fri.,11/8/2024,WAS,at,MEM
192,Fri.,11/8/2024,HOU,at,OKC
193,Fri.,11/8/2024,POR,at,MIN
194,Fri.,11/8/2024,MIA,at,DEN
195,Fri.,11/8/2024,PHI,at,LAL
196,Fri.,11/8/2024,LAC,at,SAC
197,Sat.,11/9/2024,UTH,at,SAN
198,Sat.,11/9/2024,CHI,at,ATL
199,Sat.,11/9/2024,BKN,at,CLE
200,Sat.,11/9/2024,TOR,at,LAC
201,Sun.,11/10/2024,HOU,at,DET
202,Sun.,11/10/2024,BOS,at,MIL
203,Sun.,11/10/2024,NYK,at,IND
204,Sun.,11/10/2024,WAS,at,ORL
205,Sun.,11/10/2024,CHH,at,PHI
206,Sun.,11/10/2024,MIA,at,MIN
207,Sun.,11/10/2024,GSW,at,OKC
208,Sun.,11/10/2024,DAL,at,DEN
209,Sun.,11/10/2024,SAC,at,PHX
210,Sun.,11/10/2024,MEM,at,POR
211,Sun.,11/10/2024,TOR,at,LAL
212,Mon.,11/11/2024,CLE,at,CHI
213,Mon.,11/11/2024,WAS,at,HOU
214,Mon.,11/11/2024,BKN,at,NOP
215,Mon.,11/11/2024,LAC,at,OKC
216,Mon.,11/11/2024,SAC,at,SAN
1,Tue.,11/12/2024,ATL,at,BOS
2,Tue.,11/12/2024,MIA,at,DET
3,Tue.,11/12/2024,CHH,at,ORL
4,Tue.,11/12/2024,NYK,at,PHI
5,Tue.,11/12/2024,TOR,at,MIL
6,Tue.,11/12/2024,PHX,at,UTH
7,Tue.,11/12/2024,DAL,at,GSW
8,Tue.,11/12/2024,MIN,at,POR
217,Wed.,11/13/2024,IND,at,ORL
218,Wed.,11/13/2024,BOS,at,BKN
219,Wed.,11/13/2024,CHI,at,NYK
220,Wed.,11/13/2024,CLE,at,PHI
221,Wed.,11/13/2024,NOP,at,OKC
222,Wed.,11/13/2024,LAC,at,HOU
223,Wed.,11/13/2024,DET,at,MIL
224,Wed.,11/13/2024,WAS,at,SAN
225,Wed.,11/13/2024,MEM,at,LAL
226,Wed.,11/13/2024,MIN,at,POR
227,Wed.,11/13/2024,PHX,at,SAC
228,Thu.,11/14/2024,DAL,at,UTH
9,Fri.,11/15/2024,MIA,at,IND
10,Fri.,11/15/2024,PHI,at,ORL
11,Fri.,11/15/2024,DET,at,TOR
12,Fri.,11/15/2024,WAS,at,ATL
13,Fri.,11/15/2024,CHI,at,CLE
14,Fri.,11/15/2024,BKN,at,NYK
15,Fri.,11/15/2024,LAL,at,SAN
16,Fri.,11/15/2024,LAC,at,HOU
17,Fri.,11/15/2024,DEN,at,NOP
18,Fri.,11/15/2024,PHX,at,OKC
19,Fri.,11/15/2024,MEM,at,GSW
20,Fri.,11/15/2024,MIN,at,SAC
229,Sat.,11/16/2024,MIL,at,CHH
230,Sat.,11/16/2024,TOR,at,BOS
231,Sat.,11/16/2024,LAL,at,NOP
232,Sat.,11/16/2024,SAN,at,DAL
233,Sat.,11/16/2024,UTH,at,SAC
234,Sun.,11/17/2024,PHX,at,MIN
235,Sun.,11/17/2024,MIA,at,IND
236,Sun.,11/17/2024,CHH,at,CLE
237,Sun.,11/17/2024,DET,at,WAS
238,Sun.,11/17/2024,DEN,at,MEM
239,Sun.,11/17/2024,ATL,at,POR
240,Sun.,11/17/2024,BKN,at,NYK
241,Sun.,11/17/2024,HOU,at,CHI
242,Sun.,11/17/2024,DAL,at,OKC
243,Sun.,11/17/2024,UTH,at,LAC
244,Mon.,11/18/2024,CHI,at,DET
245,Mon.,11/18/2024,PHI,at,MIA
246,Mon.,11/18/2024,WAS,at,NYK
247,Mon.,11/18/2024,IND,at,TOR
248,Mon.,11/18/2024,HOU,at,MIL
249,Mon.,11/18/2024,ORL,at,PHX
250,Mon.,11/18/2024,ATL,at,SAC
251,Mon.,11/18/2024,GSW,at,LAC
21,Tue.,11/19/2024,CLE,at,BOS
22,Tue.,11/19/2024,CHH,at,BKN
23,Tue.,11/19/2024,DEN,at,MEM
24,Tue.,11/19/2024,NOP,at,DAL
25,Tue.,11/19/2024,OKC,at,SAN
26,Tue.,11/19/2024,UTH,at,LAL
252,Wed.,11/20/2024,NOP,at,CLE
253,Wed.,11/20/2024,CHI,at,MIL
254,Wed.,11/20/2024,IND,at,HOU
255,Wed.,11/20/2024,PHI,at,MEM
256,Wed.,11/20/2024,POR,at,OKC
257,Wed.,11/20/2024,NYK,at,PHX
258,Wed.,11/20/2024,ATL,at,GSW
259,Wed.,11/20/2024,ORL,at,LAC
260,Thu.,11/21/2024,DET,at,CHH
261,Thu.,11/21/2024,MIN,at,TOR
262,Thu.,11/21/2024,UTH,at,SAN
263,Thu.,11/21/2024,ORL,at,LAL
27,Fri.,11/22/2024,BKN,at,PHI
28,Fri.,11/22/2024,BOS,at,WAS
29,Fri.,11/22/2024,IND,at,MIL
30,Fri.,11/22/2024,ATL,at,CHI
31,Fri.,11/22/2024,POR,at,HOU
32,Fri.,11/22/2024,GSW,at,NOP
33,Fri.,11/22/2024,DAL,at,DEN
34,Fri.,11/22/2024,SAC,at,LAC
264,Sat.,11/23/2024,NYK,at,UTH
265,Sat.,11/23/2024,DET,at,ORL
266,Sat.,11/23/2024,MEM,at,CHI
267,Sat.,11/23/2024,POR,at,HOU
268,Sat.,11/23/2024,CHH,at,MIL
269,Sat.,11/23/2024,GSW,at,SAN
270,Sat.,11/23/2024,DEN,at,LAL
271,Sun.,11/24/2024,MIN,at,BOS
272,Sun.,11/24/2024,WAS,at,IND
273,Sun.,11/24/2024,DAL,at,MIA
274,Sun.,11/24/2024,LAC,at,PHI
275,Sun.,11/24/2024,TOR,at,CLE
276,Sun.,11/24/2024,BKN,at,SAC
277,Mon.,11/25/2024,ORL,at,CHH
278,Mon.,11/25/2024,TOR,at,DET
279,Mon.,11/25/2024,NOP,at,IND
280,Mon.,11/25/2024,DAL,at,ATL
281,Mon.,11/25/2024,LAC,at,BOS
282,Mon.,11/25/2024,POR,at,MEM
283,Mon.,11/25/2024,NYK,at,DEN
284,Mon.,11/25/2024,BKN,at,GSW
285,Mon.,11/25/2024,OKC,at,SAC
35,Tue.,11/26/2024,CHI,at,WAS
36,Tue.,11/26/2024,MIL,at,MIA
37,Tue.,11/26/2024,HOU,at,MIN
38,Tue.,11/26/2024,SAN,at,UTH
39,Tue.,11/26/2024,LAL,at,PHX
286,Wed.,11/27/2024,MIA,at,CHH
287,Wed.,11/27/2024,ATL,at,CLE
288,Wed.,11/27/2024,POR,at,IND
289,Wed.,11/27/2024,CHI,at,ORL
290,Wed.,11/27/2024,HOU,at,PHI
291,Wed.,11/27/2024,LAC,at,WAS
292,Wed.,11/27/2024,NYK,at,DAL
293,Wed.,11/27/2024,DET,at,MEM
294,Wed.,11/27/2024,SAC,at,MIN
295,Wed.,11/27/2024,TOR,at,NOP
296,Wed.,11/27/2024,LAL,at,SAN
297,Wed.,11/27/2024,BKN,at,PHX
298,Wed.,11/27/2024,DEN,at,UTH
299,Wed.,11/27/2024,OKC,at,GSW
40,Fri.,11/29/2024,NYK,at,CHH
41,Fri.,11/29/2024,CLE,at,ATL
42,Fri.,11/29/2024,NOP,at,MEM
43,Fri.,11/29/2024,ORL,at,BKN
44,Fri.,11/29/2024,LAC,at,MIN
45,Fri.,11/29/2024,DET,at,IND
46,Fri.,11/29/2024,TOR,at,MIA
47,Fri.,11/29/2024,BOS,at,CHI
48,Fri.,11/29/2024,OKC,at,LAL
49,Fri.,11/29/2024,SAC,at,POR
300,Sat.,11/30/2024,ATL,at,CHH
301,Sat.,11/30/2024,PHI,at,DET
302,Sat.,11/30/2024,WAS,at,MIL
303,Sat.,11/30/2024,GSW,at,PHX
304,Sat.,11/30/2024,DAL,at,UTH
305,Sun.,12/1/2024,ORL,at,BKN
306,Sun.,12/1/2024,IND,at,MEM
307,Sun.,12/1/2024,BOS,at,CLE
308,Sun.,12/1/2024,NOP,at,NYK
309,Sun.,12/1/2024,MIA,at,TOR
310,Sun.,12/1/2024,OKC,at,HOU
311,Sun.,12/1/2024,LAL,at,UTH
312,Sun.,12/1/2024,DAL,at,POR
313,Sun.,12/1/2024,SAN,at,SAC
314,Sun.,12/1/2024,DEN,at,LAC
315,Mon.,12/2/2024,NOP,at,ATL
316,Mon.,12/2/2024,MIA,at,BOS
317,Mon.,12/2/2024,BKN,at,CHI
318,Mon.,12/2/2024,LAL,at,MIN
50,Tue.,12/3/2024,PHI,at,CHH
51,Tue.,12/3/2024,WAS,at,CLE
52,Tue.,12/3/2024,MIL,at,DET
53,Tue.,12/3/2024,ORL,at,NYK
54,Tue.,12/3/2024,IND,at,TOR
55,Tue.,12/3/2024,UTH,at,OKC
56,Tue.,12/3/2024,MEM,at,DAL
57,Tue.,12/3/2024,SAN,at,PHX
58,Tue.,12/3/2024,GSW,at,DEN
59,Tue.,12/3/2024,HOU,at,SAC
60,Tue.,12/3/2024,POR,at,LAC
319,Wed.,12/4/2024,DET,at,BOS
320,Wed.,12/4/2024,IND,at,BKN
321,Wed.,12/4/2024,LAL,at,MIA
322,Wed.,12/4/2024,ORL,at,PHI
323,Wed.,12/4/2024,ATL,at,MIL
324,Wed.,12/4/2024,MIN,at,LAC
325,Thu.,12/5/2024,DEN,at,CLE
326,Thu.,12/5/2024,DAL,at,WAS
327,Thu.,12/5/2024,CHH,at,NYK
328,Thu.,12/5/2024,OKC,at,TOR
329,Thu.,12/5/2024,SAC,at,MEM
330,Thu.,12/5/2024,PHX,at,NOP
331,Thu.,12/5/2024,CHI,at,SAN
332,Thu.,12/5/2024,HOU,at,GSW
333,Fri.,12/6/2024,ORL,at,PHI
334,Fri.,12/6/2024,LAL,at,ATL
335,Fri.,12/6/2024,MIL,at,BOS
336,Fri.,12/6/2024,IND,at,CHI
337,Fri.,12/6/2024,SAC,at,SAN
338,Fri.,12/6/2024,MIN,at,GSW
339,Fri.,12/6/2024,UTH,at,POR
340,Sat.,12/7/2024,CLE,at,CHH
341,Sat.,12/7/2024,DEN,at,WAS
342,Sat.,12/7/2024,OKC,at,NOP
343,Sat.,12/7/2024,DET,at,NYK
344,Sat.,12/7/2024,DAL,at,TOR
345,Sat.,12/7/2024,MEM,at,BOS
346,Sat.,12/7/2024,PHX,at,MIA
347,Sun.,12/8/2024,PHI,at,CHI
348,Sun.,12/8/2024,MIL,at,BKN
349,Sun.,12/8/2024,CHH,at,IND
350,Sun.,12/8/2024,DEN,at,ATL
351,Sun.,12/8/2024,CLE,at,MIA
352,Sun.,12/8/2024,PHX,at,ORL
353,Sun.,12/8/2024,MEM,at,WAS
354,Sun.,12/8/2024,NOP,at,SAN
355,Sun.,12/8/2024,MIN,at,GSW
356,Sun.,12/8/2024,HOU,at,LAC
357,Sun.,12/8/2024,UTH,at,SAC
358,Sun.,12/8/2024,POR,at,LAL
359,Mon.,12/9/2024,NYK,at,TOR
360,Thu.,12/19/2024,UTH,at,DET
361,Thu.,12/19/2024,OKC,at,ORL
362,Thu.,12/19/2024,CHH,at,WAS
363,Thu.,12/19/2024,CHI,at,BOS
364,Thu.,12/19/2024,BKN,at,TOR
365,Thu.,12/19/2024,NOP,at,HOU
366,Thu.,12/19/2024,GSW,at,MEM
367,Thu.,12/19/2024,NYK,at,MIN
368,Thu.,12/19/2024,LAC,at,DAL
369,Thu.,12/19/2024,IND,at,PHX
370,Thu.,12/19/2024,ATL,at,SAN
371,Thu.,12/19/2024,DEN,at,POR
372,Thu.,12/19/2024,LAL,at,SAC
373,Fri.,12/20/2024,CHH,at,PHI
374,Fri.,12/20/2024,MIL,at,CLE
375,Fri.,12/20/2024,OKC,at,MIA
376,Sat.,12/21/2024,LAL,at,SAC
377,Sat.,12/21/2024,MIA,at,ORL
378,Sat.,12/21/2024,MEM,at,ATL
379,Sat.,12/21/2024,UTH,at,BKN
380,Sat.,12/21/2024,PHI,at,CLE
381,Sat.,12/21/2024,BOS,at,CHI
382,Sat.,12/21/2024,WAS,at,MIL
383,Sat.,12/21/2024,GSW,at,MIN
384,Sat.,12/21/2024,NYK,at,NOP
385,Sat.,12/21/2024,LAC,at,DAL
386,Sat.,12/21/2024,POR,at,SAN
387,Sat.,12/21/2024,DET,at,PHX
388,Sun.,12/22/2024,HOU,at,TOR
389,Sun.,12/22/2024,IND,at,SAC
390,Sun.,12/22/2024,DEN,at,NOP
391,Mon.,12/23/2024,HOU,at,CHH
392,Mon.,12/23/2024,UTH,at,CLE
393,Mon.,12/23/2024,BOS,at,ORL
394,Mon.,12/23/2024,SAN,at,PHI
395,Mon.,12/23/2024,MIN,at,ATL
396,Mon.,12/23/2024,BKN,at,MIA
397,Mon.,12/23/2024,TOR,at,NYK
398,Mon.,12/23/2024,MIL,at,CHI
399,Mon.,12/23/2024,LAC,at,MEM
400,Mon.,12/23/2024,WAS,at,OKC
401,Mon.,12/23/2024,POR,at,DAL
402,Mon.,12/23/2024,PHX,at,DEN
403,Mon.,12/23/2024,IND,at,GSW
404,Mon.,12/23/2024,DET,at,LAL
405,Wed.,12/25/2024,SAN,at,NYK
406,Wed.,12/25/2024,MIN,at,DAL
407,Wed.,12/25/2024,PHI,at,BOS
408,Wed.,12/25/2024,LAL,at,GSW
409,Wed.,12/25/2024,DEN,at,PHX
410,Thu.,12/26/2024,OKC,at,IND
411,Thu.,12/26/2024,MIA,at,ORL
412,Thu.,12/26/2024,CHH,at,WAS
413,Thu.,12/26/2024,CHI,at,ATL
414,Thu.,12/26/2024,TOR,at,MEM
415,Thu.,12/26/2024,BKN,at,MIL
416,Thu.,12/26/2024,HOU,at,NOP
417,Thu.,12/26/2024,UTH,at,POR
418,Thu.,12/26/2024,DET,at,SAC
419,Fri.,12/27/2024,NYK,at,ORL
420,Fri.,12/27/2024,IND,at,BOS
421,Fri.,12/27/2024,SAN,at,BKN
422,Fri.,12/27/2024,MIN,at,HOU
423,Fri.,12/27/2024,MEM,at,NOP
424,Fri.,12/27/2024,CLE,at,DEN
425,Fri.,12/27/2024,DAL,at,PHX
426,Fri.,12/27/2024,GSW,at,LAC
427,Sat.,12/28/2024,MIA,at,ATL
428,Sat.,12/28/2024,OKC,at,CHH
429,Sat.,12/28/2024,NYK,at,WAS
430,Sat.,12/28/2024,MIL,at,CHI
431,Sat.,12/28/2024,PHX,at,GSW
432,Sat.,12/28/2024,DET,at,DEN
433,Sat.,12/28/2024,PHI,at,UTH
434,Sat.,12/28/2024,DAL,at,POR
435,Sat.,12/28/2024,SAC,at,LAL
436,Sun.,12/29/2024,BKN,at,ORL
437,Sun.,12/29/2024,IND,at,BOS
438,Sun.,12/29/2024,ATL,at,TOR
439,Sun.,12/29/2024,MIA,at,HOU
440,Sun.,12/29/2024,MEM,at,OKC
441,Sun.,12/29/2024,SAN,at,MIN
442,Mon.,12/30/2024,CHI,at,CHH
443,Mon.,12/30/2024,NYK,at,WAS
444,Mon.,12/30/2024,LAC,at,NOP
445,Mon.,12/30/2024,DEN,at,UTH
446,Mon.,12/30/2024,CLE,at,GSW
447,Mon.,12/30/2024,PHI,at,POR
448,Mon.,12/30/2024,DAL,at,SAC
449,Tue.,12/31/2024,TOR,at,BOS
450,Tue.,12/31/2024,MIL,at,IND
451,Tue.,12/31/2024,LAC,at,SAN
452,Tue.,12/31/2024,MIN,at,OKC
453,Tue.,12/31/2024,MEM,at,PHX
454,Tue.,12/31/2024,CLE,at,LAL
455,Wed.,1/1/2025,ORL,at,DET
456,Wed.,1/1/2025,CHI,at,WAS
457,Wed.,1/1/2025,NOP,at,MIA
458,Wed.,1/1/2025,UTH,at,NYK
459,Wed.,1/1/2025,BKN,at,TOR
460,Wed.,1/1/2025,DAL,at,HOU
461,Wed.,1/1/2025,ATL,at,DEN
462,Wed.,1/1/2025,PHI,at,SAC
463,Thu.,1/2/2025,IND,at,MIA
464,Thu.,1/2/2025,BOS,at,MIN
465,Thu.,1/2/2025,BKN,at,MIL
466,Thu.,1/2/2025,LAC,at,OKC
467,Thu.,1/2/2025,PHI,at,GSW
468,Thu.,1/2/2025,POR,at,LAL
469,Fri.,1/3/2025,CHH,at,DET
470,Fri.,1/3/2025,ORL,at,TOR
471,Fri.,1/3/2025,BOS,at,HOU
472,Fri.,1/3/2025,WAS,at,NOP
473,Fri.,1/3/2025,NYK,at,OKC
474,Fri.,1/3/2025,CLE,at,DAL
475,Fri.,1/3/2025,SAN,at,DEN
476,Fri.,1/3/2025,MEM,at,SAC
477,Fri.,1/3/2025,ATL,at,LAL
478,Sat.,1/4/2025,PHI,at,BKN
479,Sat.,1/4/2025,MIN,at,DET
480,Sat.,1/4/2025,PHX,at,IND
481,Sat.,1/4/2025,UTH,at,MIA
482,Sat.,1/4/2025,NYK,at,CHI
483,Sat.,1/4/2025,POR,at,MIL
484,Sat.,1/4/2025,DEN,at,SAN
485,Sat.,1/4/2025,MEM,at,GSW
486,Sat.,1/4/2025,ATL,at,LAC
487,Sun.,1/5/2025,BOS,at,OKC
488,Sun.,1/5/2025,CHH,at,CLE
489,Sun.,1/5/2025,NOP,at,WAS
490,Sun.,1/5/2025,UTH,at,ORL
491,Sun.,1/5/2025,LAL,at,HOU
492,Sun.,1/5/2025,SAC,at,GSW
493,Mon.,1/6/2025,POR,at,DET
494,Mon.,1/6/2025,PHX,at,PHI
495,Mon.,1/6/2025,IND,at,BKN
496,Mon.,1/6/2025,ORL,at,NYK
497,Mon.,1/6/2025,MIL,at,TOR
498,Mon.,1/6/2025,SAN,at,CHI
499,Mon.,1/6/2025,DAL,at,MEM
500,Mon.,1/6/2025,LAC,at,MIN
501,Mon.,1/6/2025,MIA,at,SAC
502,Tue.,1/7/2025,PHX,at,CHH
503,Tue.,1/7/2025,HOU,at,WAS
504,Tue.,1/7/2025,LAL,at,DAL
505,Tue.,1/7/2025,MIN,at,NOP
506,Tue.,1/7/2025,ATL,at,UTH
507,Tue.,1/7/2025,BOS,at,DEN
508,Tue.,1/7/2025,MIA,at,GSW
509,Wed.,1/8/2025,OKC,at,CLE
510,Wed.,1/8/2025,CHI,at,IND
511,Wed.,1/8/2025,TOR,at,NYK
512,Wed.,1/8/2025,WAS,at,PHI
513,Wed.,1/8/2025,DET,at,BKN
514,Wed.,1/8/2025,POR,at,NOP
515,Wed.,1/8/2025,LAC,at,DEN
516,Wed.,1/8/2025,SAN,at,MIL
517,Thu.,1/9/2025,TOR,at,CLE
518,Thu.,1/9/2025,GSW,at,DET
519,Thu.,1/9/2025,MIN,at,ORL
520,Thu.,1/9/2025,HOU,at,MEM
521,Thu.,1/9/2025,POR,at,DAL
522,Thu.,1/9/2025,ATL,at,PHX
523,Thu.,1/9/2025,MIA,at,UTH
524,Thu.,1/9/2025,CHH,at,LAL
525,Fri.,1/10/2025,GSW,at,IND
526,Fri.,1/10/2025,MIL,at,ORL
527,Fri.,1/10/2025,NOP,at,PHI
528,Fri.,1/10/2025,SAC,at,BOS
529,Fri.,1/10/2025,OKC,at,NYK
530,Fri.,1/10/2025,WAS,at,CHI
531,Fri.,1/10/2025,BKN,at,DEN
532,Sat.,1/11/2025,HOU,at,ATL
533,Sat.,1/11/2025,UTH,at,PHX
534,Sat.,1/11/2025,TOR,at,DET
535,Sat.,1/11/2025,MEM,at,MIN
536,Sat.,1/11/2025,MIA,at,POR
537,Sat.,1/11/2025,SAN,at,LAL
538,Sat.,1/11/2025,CHH,at,LAC
539,Sun.,1/12/2025,MIL,at,NYK
540,Sun.,1/12/2025,DEN,at,DAL
541,Sun.,1/12/2025,SAC,at,CHI
542,Sun.,1/12/2025,NOP,at,BOS
543,Sun.,1/12/2025,IND,at,CLE
544,Sun.,1/12/2025,PHI,at,ORL
545,Sun.,1/12/2025,OKC,at,WAS
546,Sun.,1/12/2025,BKN,at,UTH
547,Sun.,1/12/2025,CHH,at,PHX
548,Mon.,1/13/2025,MIN,at,WAS
549,Mon.,1/13/2025,DET,at,NYK
550,Mon.,1/13/2025,GSW,at,TOR
551,Mon.,1/13/2025,MEM,at,HOU
552,Mon.,1/13/2025,SAN,at,LAL
553,Mon.,1/13/2025,MIA,at,LAC
554,Tue.,1/14/2025,CLE,at,IND
555,Tue.,1/14/2025,OKC,at,PHI
556,Tue.,1/14/2025,PHX,at,ATL
557,Tue.,1/14/2025,NOP,at,CHI
558,Tue.,1/14/2025,SAC,at,MIL
559,Tue.,1/14/2025,DEN,at,DAL
560,Tue.,1/14/2025,BKN,at,POR
561,Wed.,1/15/2025,NYK,at,PHI
562,Wed.,1/15/2025,BOS,at,TOR
563,Wed.,1/15/2025,ATL,at,CHI
564,Wed.,1/15/2025,ORL,at,MIL
565,Wed.,1/15/2025,GSW,at,MIN
566,Wed.,1/15/2025,DAL,at,NOP
567,Wed.,1/15/2025,MEM,at,SAN
568,Wed.,1/15/2025,HOU,at,DEN
569,Wed.,1/15/2025,CHH,at,UTH
570,Wed.,1/15/2025,MIA,at,LAL
571,Wed.,1/15/2025,BKN,at,LAC
572,Thu.,1/16/2025,IND,at,DET
573,Thu.,1/16/2025,PHX,at,WAS
574,Thu.,1/16/2025,CLE,at,OKC
575,Thu.,1/16/2025,LAC,at,POR
576,Thu.,1/16/2025,HOU,at,SAC
577,Fri.,1/17/2025,ORL,at,BOS
578,Fri.,1/17/2025,MIN,at,NYK
579,Fri.,1/17/2025,DEN,at,MIA
580,Fri.,1/17/2025,TOR,at,MIL
581,Fri.,1/17/2025,UTH,at,NOP
582,Fri.,1/17/2025,MEM,at,SAN
583,Fri.,1/17/2025,OKC,at,DAL
584,Fri.,1/17/2025,CHH,at,CHI
585,Fri.,1/17/2025,BKN,at,LAL
586,Sat.,1/18/2025,PHX,at,DET
587,Sat.,1/18/2025,ATL,at,BOS
588,Sat.,1/18/2025,PHI,at,IND
589,Sat.,1/18/2025,WAS,at,GSW
590,Sat.,1/18/2025,CLE,at,MIN
591,Sat.,1/18/2025,HOU,at,POR
592,Sun.,1/19/2025,SAN,at,MIA
593,Sun.,1/19/2025,DEN,at,ORL
594,Sun.,1/19/2025,PHI,at,MIL
595,Sun.,1/19/2025,BKN,at,OKC
596,Sun.,1/19/2025,LAL,at,LAC
597,Sun.,1/19/2025,CHI,at,POR
598,Sun.,1/19/2025,WAS,at,SAC
599,Mon.,1/20/2025,DAL,at,CHH
600,Mon.,1/20/2025,DET,at,HOU
601,Mon.,1/20/2025,MIN,at,MEM
602,Mon.,1/20/2025,ATL,at,NYK
603,Mon.,1/20/2025,PHX,at,CLE
604,Mon.,1/20/2025,BOS,at,GSW
605,Mon.,1/20/2025,UTH,at,NOP
606,Tue.,1/21/2025,NYK,at,BKN
607,Tue.,1/21/2025,POR,at,MIA
608,Tue.,1/21/2025,ORL,at,TOR
609,Tue.,1/21/2025,PHI,at,DEN
610,Tue.,1/21/2025,WAS,at,LAL
611,Tue.,1/21/2025,CHI,at,LAC
612,Wed.,1/22/2025,DET,at,ATL
613,Wed.,1/22/2025,PHX,at,BKN
614,Wed.,1/22/2025,MIN,at,DAL
615,Wed.,1/22/2025,CLE,at,HOU
616,Wed.,1/22/2025,CHH,at,MEM
617,Wed.,1/22/2025,MIL,at,NOP
618,Wed.,1/22/2025,UTH,at,OKC
619,Wed.,1/22/2025,GSW,at,SAC
620,Wed.,1/22/2025,BOS,at,LAC
621,Thu.,1/23/2025,SAN,at,IND
622,Thu.,1/23/2025,POR,at,ORL
623,Thu.,1/23/2025,TOR,at,ATL
624,Thu.,1/23/2025,MIA,at,MIL
625,Thu.,1/23/2025,DAL,at,OKC
626,Thu.,1/23/2025,SAC,at,DEN
627,Thu.,1/23/2025,WAS,at,UTH
628,Thu.,1/23/2025,CHI,at,GSW
629,Thu.,1/23/2025,BOS,at,LAL
630,Fri.,1/24/2025,POR,at,CHH
631,Fri.,1/24/2025,CLE,at,PHI
632,Fri.,1/24/2025,NOP,at,MEM
633,Sat.,1/25/2025,IND,at,SAN
634,Sat.,1/25/2025,DEN,at,MIN
635,Sat.,1/25/2025,BOS,at,DAL
636,Sat.,1/25/2025,MIA,at,BKN
637,Sat.,1/25/2025,NOP,at,CHH
638,Sat.,1/25/2025,DET,at,ORL
639,Sat.,1/25/2025,TOR,at,ATL
640,Sat.,1/25/2025,HOU,at,CLE
641,Sat.,1/25/2025,SAC,at,NYK
642,Sat.,1/25/2025,PHI,at,CHI
643,Sat.,1/25/2025,UTH,at,MEM
644,Sat.,1/25/2025,LAL,at,GSW
645,Sat.,1/25/2025,WAS,at,PHX
646,Sat.,1/25/2025,MIL,at,LAC
647,Sun.,1/26/2025,OKC,at,POR
648,Mon.,1/27/2025,LAL,at,CHH
649,Mon.,1/27/2025,DET,at,CLE
650,Mon.,1/27/2025,HOU,at,BOS
651,Mon.,1/27/2025,SAC,at,BKN
652,Mon.,1/27/2025,ORL,at,MIA
653,Mon.,1/27/2025,MEM,at,NYK
654,Mon.,1/27/2025,NOP,at,TOR
655,Mon.,1/27/2025,DEN,at,CHI
656,Mon.,1/27/2025,ATL,at,MIN
657,Mon.,1/27/2025,WAS,at,DAL
658,Mon.,1/27/2025,MIL,at,UTH
659,Mon.,1/27/2025,LAC,at,PHX
660,Tue.,1/28/2025,LAL,at,PHI
661,Tue.,1/28/2025,UTH,at,GSW
662,Tue.,1/28/2025,MIL,at,POR
663,Wed.,1/29/2025,BKN,at,CHH
664,Wed.,1/29/2025,DET,at,IND
665,Wed.,1/29/2025,TOR,at,WAS
666,Wed.,1/29/2025,CHI,at,BOS
667,Wed.,1/29/2025,CLE,at,MIA
668,Wed.,1/29/2025,DEN,at,NYK
669,Wed.,1/29/2025,SAC,at,PHI
670,Wed.,1/29/2025,DAL,at,NOP
671,Wed.,1/29/2025,LAC,at,SAN
672,Wed.,1/29/2025,MIN,at,PHX
673,Wed.,1/29/2025,OKC,at,GSW
674,Thu.,1/30/2025,LAL,at,WAS
675,Thu.,1/30/2025,ATL,at,CLE
676,Thu.,1/30/2025,HOU,at,MEM
677,Thu.,1/30/2025,MIN,at,UTH
678,Thu.,1/30/2025,ORL,at,POR
679,Fri.,1/31/2025,LAC,at,CHH
680,Fri.,1/31/2025,DAL,at,DET
681,Fri.,1/31/2025,DEN,at,PHI
682,Fri.,1/31/2025,CHI,at,TOR
683,Fri.,1/31/2025,BOS,at,NOP
684,Fri.,1/31/2025,MIL,at,SAN
685,Fri.,1/31/2025,PHX,at,GSW
686,Sat.,2/1/2025,ATL,at,IND
687,Sat.,2/1/2025,ORL,at,UTH
688,Sat.,2/1/2025,DEN,at,CHH
689,Sat.,2/1/2025,BKN,at,HOU
690,Sat.,2/1/2025,WAS,at,MIN
691,Sat.,2/1/2025,SAC,at,OKC
692,Sat.,2/1/2025,LAL,at,NYK
693,Sat.,2/1/2025,MIA,at,SAN
694,Sat.,2/1/2025,PHX,at,POR
695,Sun.,2/2/2025,CHI,at,DET
696,Sun.,2/2/2025,DAL,at,CLE
697,Sun.,2/2/2025,LAC,at,TOR
698,Sun.,2/2/2025,BOS,at,PHI
699,Sun.,2/2/2025,MEM,at,MIL
700,Mon.,2/3/2025,WAS,at,CHH
701,Mon.,2/3/2025,ATL,at,DET
702,Mon.,2/3/2025,HOU,at,NYK
703,Mon.,2/3/2025,SAN,at,MEM
704,Mon.,2/3/2025,SAC,at,MIN
705,Mon.,2/3/2025,MIL,at,OKC
706,Mon.,2/3/2025,NOP,at,DEN
707,Mon.,2/3/2025,IND,at,UTH
708,Mon.,2/3/2025,ORL,at,GSW
709,Mon.,2/3/2025,PHX,at,POR
710,Tue.,2/4/2025,BOS,at,CLE
711,Tue.,2/4/2025,HOU,at,BKN
712,Tue.,2/4/2025,DAL,at,PHI
713,Tue.,2/4/2025,NYK,at,TOR
714,Tue.,2/4/2025,MIA,at,CHI
715,Tue.,2/4/2025,LAL,at,LAC
716,Tue.,2/4/2025,IND,at,POR
717,Wed.,2/5/2025,MIL,at,CHH
718,Wed.,2/5/2025,CLE,at,DET
719,Wed.,2/5/2025,SAN,at,ATL
720,Wed.,2/5/2025,WAS,at,BKN
721,Wed.,2/5/2025,MIA,at,PHI
722,Wed.,2/5/2025,MEM,at,TOR
723,Wed.,2/5/2025,CHI,at,MIN
724,Wed.,2/5/2025,PHX,at,OKC
725,Wed.,2/5/2025,GSW,at,UTH
726,Wed.,2/5/2025,NOP,at,DEN
727,Wed.,2/5/2025,ORL,at,SAC
728,Thu.,2/6/2025,DAL,at,BOS
729,Thu.,2/6/2025,HOU,at,MIN
730,Thu.,2/6/2025,ORL,at,DEN
731,Thu.,2/6/2025,GSW,at,LAL
732,Thu.,2/6/2025,SAC,at,POR
733,Thu.,2/6/2025,IND,at,LAC
734,Fri.,2/7/2025,SAN,at,CHH
735,Fri.,2/7/2025,CLE,at,WAS
736,Fri.,2/7/2025,MIL,at,ATL
737,Fri.,2/7/2025,MIA,at,BKN
738,Fri.,2/7/2025,PHI,at,DET
739,Fri.,2/7/2025,TOR,at,OKC
740,Fri.,2/7/2025,UTH,at,PHX
741,Sat.,2/8/2025,HOU,at,DAL
742,Sat.,2/8/2025,IND,at,LAL
743,Sat.,2/8/2025,SAN,at,ORL
744,Sat.,2/8/2025,ATL,at,WAS
745,Sat.,2/8/2025,GSW,at,CHI
746,Sat.,2/8/2025,OKC,at,MEM
747,Sat.,2/8/2025,POR,at,MIN
748,Sat.,2/8/2025,BOS,at,NYK
749,Sat.,2/8/2025,DEN,at,PHX
750,Sat.,2/8/2025,NOP,at,SAC
751,Sat.,2/8/2025,UTH,at,LAC
752,Sun.,2/9/2025,CHH,at,DET
753,Sun.,2/9/2025,TOR,at,HOU
754,Sun.,2/9/2025,PHI,at,MIL
755,Mon.,2/10/2025,MIN,at,CLE
756,Mon.,2/10/2025,ATL,at,ORL
757,Mon.,2/10/2025,SAN,at,WAS
758,Mon.,2/10/2025,CHH,at,BKN
759,Mon.,2/10/2025,BOS,at,MIA
760,Mon.,2/10/2025,GSW,at,MIL
761,Mon.,2/10/2025,NOP,at,OKC
762,Mon.,2/10/2025,SAC,at,DAL
763,Mon.,2/10/2025,POR,at,DEN
764,Tue.,2/11/2025,TOR,at,PHI
765,Tue.,2/11/2025,NYK,at,IND
766,Tue.,2/11/2025,DET,at,CHI
767,Tue.,2/11/2025,MEM,at,PHX
768,Tue.,2/11/2025,UTH,at,LAL
769,Wed.,2/12/2025,SAN,at,BOS
770,Wed.,2/12/2025,CHH,at,ORL
771,Wed.,2/12/2025,IND,at,WAS
772,Wed.,2/12/2025,PHI,at,BKN
773,Wed.,2/12/2025,ATL,at,NYK
774,Wed.,2/12/2025,CLE,at,TOR
775,Wed.,2/12/2025,DET,at,CHI
776,Wed.,2/12/2025,MIL,at,MIN
777,Wed.,2/12/2025,SAC,at,NOP
778,Wed.,2/12/2025,MIA,at,OKC
779,Wed.,2/12/2025,PHX,at,HOU
780,Wed.,2/12/2025,POR,at,DEN
781,Wed.,2/12/2025,LAL,at,UTH
782,Wed.,2/12/2025,GSW,at,DAL
783,Wed.,2/12/2025,MEM,at,LAC
784,Thu.,2/13/2025,GSW,at,HOU
785,Thu.,2/13/2025,SAC,at,NOP
786,Thu.,2/13/2025,MIA,at,DAL
787,Thu.,2/13/2025,OKC,at,MIN
788,Thu.,2/20/2025,MEM,at,IND
789,Thu.,2/20/2025,BOS,at,PHI
790,Thu.,2/20/2025,ORL,at,ATL
791,Thu.,2/20/2025,CLE,at,BKN
792,Thu.,2/20/2025,CHI,at,NYK
793,Thu.,2/20/2025,LAC,at,MIL
794,Thu.,2/20/2025,CHH,at,DEN
795,Thu.,2/20/2025,PHX,at,SAN
796,Thu.,2/20/2025,LAL,at,POR
797,Fri.,2/21/2025,NYK,at,CLE
798,Fri.,2/21/2025,MEM,at,ORL
799,Fri.,2/21/2025,MIL,at,WAS
800,Fri.,2/21/2025,MIA,at,TOR
801,Fri.,2/21/2025,MIN,at,HOU
802,Fri.,2/21/2025,DET,at,SAN
803,Fri.,2/21/2025,NOP,at,DAL
804,Fri.,2/21/2025,OKC,at,UTH
805,Fri.,2/21/2025,GSW,at,SAC
806,Sat.,2/22/2025,PHX,at,CHI
807,Sat.,2/22/2025,BKN,at,PHI
808,Sat.,2/22/2025,LAL,at,DEN
809,Sat.,2/22/2025,HOU,at,UTH
810,Sat.,2/22/2025,CHH,at,POR
811,Sun.,2/23/2025,NYK,at,BOS
812,Sun.,2/23/2025,DAL,at,GSW
813,Sun.,2/23/2025,LAC,at,IND
814,Sun.,2/23/2025,DET,at,ATL
815,Sun.,2/23/2025,WAS,at,ORL
816,Sun.,2/23/2025,PHX,at,TOR
817,Sun.,2/23/2025,MIA,at,MIL
818,Sun.,2/23/2025,SAN,at,NOP
819,Sun.,2/23/2025,MEM,at,CLE
820,Sun.,2/23/2025,OKC,at,MIN
821,Mon.,2/24/2025,LAC,at,DET
822,Mon.,2/24/2025,DEN,at,IND
823,Mon.,2/24/2025,CHI,at,PHI
824,Mon.,2/24/2025,BKN,at,WAS
825,Mon.,2/24/2025,MIA,at,ATL
826,Mon.,2/24/2025,MIN,at,OKC
827,Mon.,2/24/2025,POR,at,UTH
828,Mon.,2/24/2025,CHH,at,SAC
829,Tue.,2/25/2025,BOS,at,TOR
830,Tue.,2/25/2025,CLE,at,ORL
831,Tue.,2/25/2025,MIL,at,HOU
832,Tue.,2/25/2025,PHX,at,MEM
833,Tue.,2/25/2025,SAN,at,NOP
834,Tue.,2/25/2025,CHH,at,GSW
835,Tue.,2/25/2025,DAL,at,LAL
836,Wed.,2/26/2025,BOS,at,DET
837,Wed.,2/26/2025,TOR,at,IND
838,Wed.,2/26/2025,PHI,at,NYK
839,Wed.,2/26/2025,POR,at,WAS
840,Wed.,2/26/2025,OKC,at,BKN
841,Wed.,2/26/2025,ATL,at,MIA
842,Wed.,2/26/2025,LAC,at,CHI
843,Wed.,2/26/2025,SAC,at,UTH
844,Wed.,2/26/2025,SAN,at,HOU
845,Thu.,2/27/2025,GSW,at,ORL
846,Thu.,2/27/2025,DEN,at,MIL
847,Thu.,2/27/2025,CHH,at,DAL
848,Thu.,2/27/2025,NOP,at,PHX
849,Thu.,2/27/2025,MIN,at,LAL
850,Fri.,2/28/2025,DEN,at,DET
851,Fri.,2/28/2025,OKC,at,ATL
852,Fri.,2/28/2025,CLE,at,BOS
853,Fri.,2/28/2025,POR,at,BKN
854,Fri.,2/28/2025,IND,at,MIA
855,Fri.,2/28/2025,TOR,at,CHI
856,Fri.,2/28/2025,NYK,at,MEM
857,Fri.,2/28/2025,NOP,at,PHX
858,Fri.,2/28/2025,MIN,at,UTH
859,Fri.,2/28/2025,LAC,at,LAL
860,Sat.,3/1/2025,WAS,at,CHH
861,Sat.,3/1/2025,BKN,at,DET
862,Sat.,3/1/2025,SAC,at,HOU
863,Sat.,3/1/2025,SAN,at,MEM
864,Sat.,3/1/2025,GSW,at,PHI
865,Sat.,3/1/2025,MIL,at,DAL
866,Sun.,3/2/2025,DEN,at,BOS
867,Sun.,3/2/2025,POR,at,CLE
868,Sun.,3/2/2025,CHI,at,IND
869,Sun.,3/2/2025,NYK,at,MIA
870,Sun.,3/2/2025,TOR,at,ORL
871,Sun.,3/2/2025,OKC,at,SAN
872,Sun.,3/2/2025,NOP,at,UTH
873,Sun.,3/2/2025,MIN,at,PHX
874,Sun.,3/2/2025,LAC,at,LAL
875,Mon.,3/3/2025,GSW,at,CHH
876,Mon.,3/3/2025,POR,at,PHI
877,Mon.,3/3/2025,WAS,at,MIA
878,Mon.,3/3/2025,ATL,at,MEM
879,Mon.,3/3/2025,HOU,at,OKC
880,Mon.,3/3/2025,SAC,at,DAL
881,Mon.,3/3/2025,DET,at,UTH
882,Tue.,3/4/2025,HOU,at,IND
883,Tue.,3/4/2025,TOR,at,ORL
884,Tue.,3/4/2025,MIL,at,ATL
885,Tue.,3/4/2025,GSW,at,NYK
886,Tue.,3/4/2025,CLE,at,CHI
887,Tue.,3/4/2025,PHI,at,MIN
888,Tue.,3/4/2025,BKN,at,SAN
889,Tue.,3/4/2025,LAC,at,PHX
890,Tue.,3/4/2025,NOP,at,LAL
891,Wed.,3/5/2025,POR,at,BOS
892,Wed.,3/5/2025,MIN,at,CHH
893,Wed.,3/5/2025,MIA,at,CLE
894,Wed.,3/5/2025,UTH,at,WAS
895,Wed.,3/5/2025,OKC,at,MEM
896,Wed.,3/5/2025,SAC,at,DEN
897,Wed.,3/5/2025,DAL,at,MIL
898,Wed.,3/5/2025,DET,at,LAC
899,Thu.,3/6/2025,IND,at,ATL
900,Thu.,3/6/2025,PHI,at,BOS
901,Thu.,3/6/2025,GSW,at,BKN
902,Thu.,3/6/2025,HOU,at,NOP
903,Thu.,3/6/2025,NYK,at,LAL
904,Fri.,3/7/2025,CLE,at,CHH
905,Fri.,3/7/2025,UTH,at,TOR
906,Fri.,3/7/2025,MEM,at,DAL
907,Fri.,3/7/2025,MIN,at,MIA
908,Fri.,3/7/2025,POR,at,OKC
909,Fri.,3/7/2025,PHX,at,DEN
910,Fri.,3/7/2025,SAN,at,SAC
911,Fri.,3/7/2025,NYK,at,LAC
912,Sat.,3/8/2025,BKN,at,CHH
913,Sat.,3/8/2025,NOP,at,HOU
914,Sat.,3/8/2025,IND,at,ATL
915,Sat.,3/8/2025,WAS,at,TOR
916,Sat.,3/8/2025,CHI,at,MIA
917,Sat.,3/8/2025,ORL,at,MIL
918,Sat.,3/8/2025,LAL,at,BOS
919,Sat.,3/8/2025,DET,at,GSW
920,Sun.,3/9/2025,DEN,at,OKC
921,Sun.,3/9/2025,PHX,at,DAL
922,Sun.,3/9/2025,CLE,at,MIL
923,Sun.,3/9/2025,MEM,at,NOP
924,Sun.,3/9/2025,UTH,at,PHI
925,Sun.,3/9/2025,SAN,at,MIN
926,Sun.,3/9/2025,DET,at,POR
927,Sun.,3/9/2025,SAC,at,LAC
928,Mon.,3/10/2025,PHI,at,ATL
929,Mon.,3/10/2025,UTH,at,BOS
930,Mon.,3/10/2025,LAL,at,BKN
931,Mon.,3/10/2025,CHH,at,MIA
932,Mon.,3/10/2025,WAS,at,TOR
933,Mon.,3/10/2025,IND,at,CHI
934,Mon.,3/10/2025,ORL,at,HOU
935,Mon.,3/10/2025,PHX,at,MEM
936,Mon.,3/10/2025,DEN,at,OKC
937,Mon.,3/10/2025,DAL,at,SAN
938,Mon.,3/10/2025,POR,at,GSW
939,Mon.,3/10/2025,NYK,at,SAC
940,Tue.,3/11/2025,BKN,at,CLE
941,Tue.,3/11/2025,WAS,at,DET
942,Tue.,3/11/2025,MIL,at,IND
943,Tue.,3/11/2025,LAC,at,NOP
944,Wed.,3/12/2025,CHI,at,ORL
945,Wed.,3/12/2025,CHH,at,ATL
946,Wed.,3/12/2025,OKC,at,BOS
947,Wed.,3/12/2025,PHI,at,TOR
948,Wed.,3/12/2025,LAC,at,MIA
949,Wed.,3/12/2025,PHX,at,HOU
950,Wed.,3/12/2025,UTH,at,MEM
951,Wed.,3/12/2025,DAL,at,SAN
952,Wed.,3/12/2025,MIN,at,DEN
953,Wed.,3/12/2025,NYK,at,POR
954,Thu.,3/13/2025,WAS,at,DET
955,Thu.,3/13/2025,LAL,at,MIL
956,Thu.,3/13/2025,BKN,at,CHI
957,Thu.,3/13/2025,SAC,at,GSW
958,Fri.,3/14/2025,BOS,at,MIA
959,Fri.,3/14/2025,IND,at,PHI
960,Fri.,3/14/2025,LAC,at,ATL
961,Fri.,3/14/2025,DAL,at,HOU
962,Fri.,3/14/2025,CLE,at,MEM
963,Fri.,3/14/2025,ORL,at,MIN
964,Fri.,3/14/2025,CHH,at,SAN
965,Fri.,3/14/2025,LAL,at,DEN
966,Fri.,3/14/2025,TOR,at,UTH
967,Fri.,3/14/2025,SAC,at,PHX
968,Sat.,3/15/2025,BOS,at,BKN
969,Sat.,3/15/2025,OKC,at,DET
970,Sat.,3/15/2025,CHI,at,HOU
971,Sat.,3/15/2025,MIA,at,MEM
972,Sat.,3/15/2025,IND,at,MIL
973,Sat.,3/15/2025,NOP,at,SAN
974,Sat.,3/15/2025,NYK,at,GSW
975,Sat.,3/15/2025,WAS,at,DEN
976,Sun.,3/16/2025,PHI,at,DAL
977,Sun.,3/16/2025,PHX,at,LAL
978,Sun.,3/16/2025,ATL,at,BKN
979,Sun.,3/16/2025,ORL,at,CLE
980,Sun.,3/16/2025,TOR,at,POR
981,Sun.,3/16/2025,UTH,at,MIN
982,Sun.,3/16/2025,OKC,at,MIL
983,Sun.,3/16/2025,WAS,at,LAC
984,Mon.,3/17/2025,MIA,at,NYK
985,Mon.,3/17/2025,PHI,at,HOU
986,Mon.,3/17/2025,IND,at,MIN
987,Mon.,3/17/2025,DET,at,NOP
988,Mon.,3/17/2025,ORL,at,SAN
989,Mon.,3/17/2025,CHI,at,UTH
990,Mon.,3/17/2025,DEN,at,GSW
991,Mon.,3/17/2025,TOR,at,PHX
992,Mon.,3/17/2025,MEM,at,SAC
993,Tue.,3/18/2025,ATL,at,CHH
994,Tue.,3/18/2025,BKN,at,BOS
995,Tue.,3/18/2025,WAS,at,POR
996,Tue.,3/18/2025,MIL,at,LAL
997,Tue.,3/18/2025,CLE,at,LAC
998,Wed.,3/19/2025,DAL,at,IND
999,Wed.,3/19/2025,HOU,at,ORL
1000,Wed.,3/19/2025,DET,at,MIA
1001,Wed.,3/19/2025,NOP,at,MIN
1002,Wed.,3/19/2025,PHI,at,OKC
1003,Wed.,3/19/2025,NYK,at,SAN
1004,Wed.,3/19/2025,LAC,at,UTH
1005,Wed.,3/19/2025,TOR,at,GSW
1006,Wed.,3/19/2025,DEN,at,LAL
1007,Wed.,3/19/2025,CHI,at,PHX
1008,Wed.,3/19/2025,MEM,at,POR
1009,Wed.,3/19/2025,CLE,at,SAC
1010,Thu.,3/20/2025,NYK,at,CHH
1011,Thu.,3/20/2025,BKN,at,IND
1012,Thu.,3/20/2025,MIL,at,GSW
1013,Thu.,3/20/2025,CHI,at,SAC
1014,Fri.,3/21/2025,ORL,at,WAS
1015,Fri.,3/21/2025,HOU,at,MIA
1016,Fri.,3/21/2025,NOP,at,MIN
1017,Fri.,3/21/2025,CHH,at,OKC
1018,Fri.,3/21/2025,PHI,at,SAN
1019,Fri.,3/21/2025,DET,at,DAL
1020,Fri.,3/21/2025,BOS,at,UTH
1021,Fri.,3/21/2025,CLE,at,PHX
1022,Fri.,3/21/2025,DEN,at,POR
1023,Fri.,3/21/2025,MEM,at,LAC
1024,Sat.,3/22/2025,BKN,at,IND
1025,Sat.,3/22/2025,GSW,at,ATL
1026,Sat.,3/22/2025,WAS,at,NYK
1027,Sat.,3/22/2025,MIL,at,SAC
1028,Sat.,3/22/2025,CHI,at,LAL
1029,Sun.,3/23/2025,NOP,at,DET
1030,Sun.,3/23/2025,CLE,at,UTH
1031,Sun.,3/23/2025,PHI,at,ATL
1032,Sun.,3/23/2025,CHH,at,MIA
1033,Sun.,3/23/2025,SAN,at,TOR
1034,Sun.,3/23/2025,BOS,at,POR
1035,Sun.,3/23/2025,DEN,at,HOU
1036,Sun.,3/23/2025,OKC,at,LAC
1037,Mon.,3/24/2025,MIN,at,IND
1038,Mon.,3/24/2025,LAL,at,ORL
1039,Mon.,3/24/2025,TOR,at,WAS
1040,Mon.,3/24/2025,DAL,at,BKN
1041,Mon.,3/24/2025,PHI,at,NOP
1042,Mon.,3/24/2025,CHI,at,DEN
1043,Mon.,3/24/2025,MIL,at,PHX
1044,Mon.,3/24/2025,BOS,at,SAC
1045,Tue.,3/25/2025,ORL,at,CHH
1046,Tue.,3/25/2025,SAN,at,DET
1047,Tue.,3/25/2025,GSW,at,MIA
1048,Tue.,3/25/2025,DAL,at,NYK
1049,Tue.,3/25/2025,ATL,at,HOU
1050,Tue.,3/25/2025,MEM,at,UTH
1051,Tue.,3/25/2025,CLE,at,POR
1052,Tue.,3/25/2025,OKC,at,SAC
1053,Wed.,3/26/2025,WAS,at,PHI
1054,Wed.,3/26/2025,TOR,at,BKN
1055,Wed.,3/26/2025,LAL,at,IND
1056,Wed.,3/26/2025,LAC,at,NYK
1057,Wed.,3/26/2025,MIL,at,DEN
1058,Wed.,3/26/2025,BOS,at,PHX
1059,Thu.,3/27/2025,SAN,at,CLE
1060,Thu.,3/27/2025,DAL,at,ORL
1061,Thu.,3/27/2025,IND,at,WAS
1062,Thu.,3/27/2025,ATL,at,MIA
1063,Thu.,3/27/2025,LAL,at,CHI
1064,Thu.,3/27/2025,MEM,at,OKC
1065,Thu.,3/27/2025,HOU,at,UTH
1066,Thu.,3/27/2025,POR,at,SAC
1067,Fri.,3/28/2025,CLE,at,DET
1068,Fri.,3/28/2025,LAC,at,BKN
1069,Fri.,3/28/2025,CHH,at,TOR
1070,Fri.,3/28/2025,NYK,at,MIL
1071,Fri.,3/28/2025,PHX,at,MIN
1072,Fri.,3/28/2025,GSW,at,NOP
1073,Fri.,3/28/2025,UTH,at,DEN
1074,Sat.,3/29/2025,SAC,at,ORL
1075,Sat.,3/29/2025,BKN,at,WAS
1076,Sat.,3/29/2025,MIA,at,PHI
1077,Sat.,3/29/2025,DAL,at,CHI
1078,Sat.,3/29/2025,LAL,at,MEM
1079,Sat.,3/29/2025,IND,at,OKC
1080,Sat.,3/29/2025,BOS,at,SAN
1081,Sun.,3/30/2025,LAC,at,CLE
1082,Sun.,3/30/2025,POR,at,NYK
1083,Sun.,3/30/2025,ATL,at,MIL
1084,Sun.,3/30/2025,DET,at,MIN
1085,Sun.,3/30/2025,CHH,at,NOP
1086,Sun.,3/30/2025,GSW,at,SAN
1087,Sun.,3/30/2025,TOR,at,PHI
1088,Sun.,3/30/2025,HOU,at,PHX
1089,Mon.,3/31/2025,UTH,at,CHH
1090,Mon.,3/31/2025,SAC,at,IND
1091,Mon.,3/31/2025,LAC,at,ORL
1092,Mon.,3/31/2025,MIA,at,WAS
1093,Mon.,3/31/2025,BOS,at,MEM
1094,Mon.,3/31/2025,CHI,at,OKC
1095,Mon.,3/31/2025,BKN,at,DAL
1096,Mon.,3/31/2025,HOU,at,LAL
1097,Tue.,4/1/2025,POR,at,ATL
1098,Tue.,4/1/2025,PHI,at,NYK
1099,Tue.,4/1/2025,TOR,at,CHI
1100,Tue.,4/1/2025,GSW,at,MEM
1101,Tue.,4/1/2025,PHX,at,MIL
1102,Tue.,4/1/2025,MIN,at,DEN
1103,Wed.,4/2/2025,NYK,at,CLE
1104,Wed.,4/2/2025,CHH,at,IND
1105,Wed.,4/2/2025,SAC,at,WAS
1106,Wed.,4/2/2025,MIA,at,BOS
1107,Wed.,4/2/2025,UTH,at,HOU
1108,Wed.,4/2/2025,DET,at,OKC
1109,Wed.,4/2/2025,ATL,at,DAL
1110,Wed.,4/2/2025,SAN,at,DEN
1111,Wed.,4/2/2025,NOP,at,LAC
1112,Thu.,4/3/2025,ORL,at,WAS
1113,Thu.,4/3/2025,MIN,at,BKN
1114,Thu.,4/3/2025,MEM,at,MIA
1115,Thu.,4/3/2025,MIL,at,PHI
1116,Thu.,4/3/2025,POR,at,TOR
1117,Thu.,4/3/2025,GSW,at,LAL
1118,Fri.,4/4/2025,SAC,at,CHH
1119,Fri.,4/4/2025,UTH,at,IND
1120,Fri.,4/4/2025,PHX,at,BOS
1121,Fri.,4/4/2025,DET,at,TOR
1122,Fri.,4/4/2025,POR,at,CHI
1123,Fri.,4/4/2025,OKC,at,HOU
1124,Fri.,4/4/2025,CLE,at,SAN
1125,Fri.,4/4/2025,DEN,at,GSW
1126,Fri.,4/4/2025,NOP,at,LAL
1127,Fri.,4/4/2025,DAL,at,LAC
1128,Sat.,4/5/2025,NYK,at,ATL
1129,Sat.,4/5/2025,MEM,at,DET
1130,Sat.,4/5/2025,MIN,at,PHI
1131,Sat.,4/5/2025,MIL,at,MIA
1132,Sat.,4/5/2025,DAL,at,LAC
1133,Sun.,4/6/2025,CHI,at,CHH
1134,Sun.,4/6/2025,TOR,at,BKN
1135,Sun.,4/6/2025,LAL,at,OKC
1136,Sun.,4/6/2025,UTH,at,ATL
1137,Sun.,4/6/2025,WAS,at,BOS
1138,Sun.,4/6/2025,SAC,at,CLE
1139,Sun.,4/6/2025,SAN,at,POR
1140,Sun.,4/6/2025,PHX,at,NYK
1141,Sun.,4/6/2025,ORL,at,NOP
1142,Sun.,4/6/2025,IND,at,DEN
1143,Sun.,4/6/2025,HOU,at,GSW
1144,Mon.,4/7/2025,SAC,at,DET
1145,Mon.,4/7/2025,PHI,at,MIA
1146,Tue.,4/8/2025,MEM,at,CHH
1147,Tue.,4/8/2025,CHI,at,CLE
1148,Tue.,4/8/2025,WAS,at,IND
1149,Tue.,4/8/2025,ATL,at,ORL
1150,Tue.,4/8/2025,NOP,at,BKN
1151,Tue.,4/8/2025,BOS,at,NYK
1152,Tue.,4/8/2025,MIN,at,MIL
1153,Tue.,4/8/2025,LAL,at,OKC
1154,Tue.,4/8/2025,GSW,at,PHX
1155,Tue.,4/8/2025,SAN,at,LAC
1156,Wed.,4/9/2025,BOS,at,ORL
1157,Wed.,4/9/2025,PHI,at,WAS
1158,Wed.,4/9/2025,CHH,at,TOR
1159,Wed.,4/9/2025,LAL,at,DAL
1160,Wed.,4/9/2025,MIA,at,CHI
1161,Wed.,4/9/2025,NOP,at,MIL
1162,Wed.,4/9/2025,POR,at,UTH
1163,Wed.,4/9/2025,SAN,at,GSW
1164,Wed.,4/9/2025,OKC,at,PHX
1165,Wed.,4/9/2025,DEN,at,SAC
1166,Wed.,4/9/2025,HOU,at,LAC
1167,Thu.,4/10/2025,NYK,at,DET
1168,Thu.,4/10/2025,CLE,at,IND
1169,Thu.,4/10/2025,ATL,at,BKN
1170,Thu.,4/10/2025,MIN,at,MEM
1171,Fri.,4/11/2025,MIL,at,DET
1172,Fri.,4/11/2025,ORL,at,IND
1173,Fri.,4/11/2025,ATL,at,PHI
1174,Fri.,4/11/2025,CHH,at,BOS
1175,Fri.,4/11/2025,CLE,at,NYK
1176,Fri.,4/11/2025,WAS,at,CHI
1177,Fri.,4/11/2025,MIA,at,NOP
1178,Fri.,4/11/2025,TOR,at,DAL
1179,Fri.,4/11/2025,BKN,at,MIN
1180,Fri.,4/11/2025,MEM,at,DEN
1181,Fri.,4/11/2025,OKC,at,UTH
1182,Fri.,4/11/2025,SAN,at,PHX
1183,Fri.,4/11/2025,GSW,at,POR
1184,Fri.,4/11/2025,LAC,at,SAC
1185,Fri.,4/11/2025,HOU,at,LAL
1186,Sun.,4/13/2025,ORL,at,ATL
1187,Sun.,4/13/2025,CHH,at,BOS
1188,Sun.,4/13/2025,NYK,at,BKN
1189,Sun.,4/13/2025,IND,at,CLE
1190,Sun.,4/13/2025,WAS,at,MIA
1191,Sun.,4/13/2025,CHI,at,PHI
1192,Sun.,4/13/2025,DET,at,MIL
1193,Sun.,4/13/2025,DEN,at,HOU
1194,Sun.,4/13/2025,DAL,at,MEM
1195,Sun.,4/13/2025,UTH,at,MIN
1196,Sun.,4/13/2025,OKC,at,NOP
1197,Sun.,4/13/2025,TOR,at,SAN
1198,Sun.,4/13/2025,LAC,at,GSW
1199,Sun.,4/13/2025,LAL,at,POR
1200,Sun.,4/13/2025,PHX,at,SAC
